"filename", "language", "JSON", "YAML", "Markdown", "Dart", "Properties", "Groovy", "Swift", "XML", "C++", "HTML", "comment", "blank", "total"
"/Users/patrykkrzemien/Documents/GitHub/pupil_app/README.md", "Markdown", 0, 0, 14, 0, 0, 0, 0, 0, 0, 0, 0, 8, 22
"/Users/patrykkrzemien/Documents/GitHub/pupil_app/analysis_options.yaml", "YAML", 0, 8, 0, 0, 0, 0, 0, 0, 0, 0, 0, 2, 10
"/Users/patrykkrzemien/Documents/GitHub/pupil_app/android/app/build.gradle", "Groovy", 0, 0, 0, 0, 0, 44, 0, 0, 0, 0, 6, 9, 59
"/Users/patrykkrzemien/Documents/GitHub/pupil_app/android/app/src/debug/AndroidManifest.xml", "XML", 0, 0, 0, 0, 0, 0, 0, 3, 0, 0, 4, 1, 8
"/Users/patrykkrzemien/Documents/GitHub/pupil_app/android/app/src/main/AndroidManifest.xml", "XML", 0, 0, 0, 0, 0, 0, 0, 34, 0, 0, 11, 1, 46
"/Users/patrykkrzemien/Documents/GitHub/pupil_app/android/app/src/main/res/drawable-v21/launch_background.xml", "XML", 0, 0, 0, 0, 0, 0, 0, 4, 0, 0, 7, 2, 13
"/Users/patrykkrzemien/Documents/GitHub/pupil_app/android/app/src/main/res/drawable/launch_background.xml", "XML", 0, 0, 0, 0, 0, 0, 0, 4, 0, 0, 7, 2, 13
"/Users/patrykkrzemien/Documents/GitHub/pupil_app/android/app/src/main/res/values-night/styles.xml", "XML", 0, 0, 0, 0, 0, 0, 0, 9, 0, 0, 9, 1, 19
"/Users/patrykkrzemien/Documents/GitHub/pupil_app/android/app/src/main/res/values/styles.xml", "XML", 0, 0, 0, 0, 0, 0, 0, 9, 0, 0, 9, 1, 19
"/Users/patrykkrzemien/Documents/GitHub/pupil_app/android/app/src/profile/AndroidManifest.xml", "XML", 0, 0, 0, 0, 0, 0, 0, 3, 0, 0, 4, 1, 8
"/Users/patrykkrzemien/Documents/GitHub/pupil_app/android/build.gradle", "Groovy", 0, 0, 0, 0, 0, 16, 0, 0, 0, 0, 0, 3, 19
"/Users/patrykkrzemien/Documents/GitHub/pupil_app/android/gradle.properties", "Properties", 0, 0, 0, 0, 3, 0, 0, 0, 0, 0, 0, 1, 4
"/Users/patrykkrzemien/Documents/GitHub/pupil_app/android/gradle/wrapper/gradle-wrapper.properties", "Properties", 0, 0, 0, 0, 5, 0, 0, 0, 0, 0, 0, 1, 6
"/Users/patrykkrzemien/Documents/GitHub/pupil_app/android/settings.gradle", "Groovy", 0, 0, 0, 0, 0, 21, 0, 0, 0, 0, 0, 5, 26
"/Users/patrykkrzemien/Documents/GitHub/pupil_app/assets/translations/de.json", "JSON", 3, 0, 0, 0, 0, 0, 0, 0, 0, 0, 0, 1, 4
"/Users/patrykkrzemien/Documents/GitHub/pupil_app/assets/translations/en.json", "JSON", 3, 0, 0, 0, 0, 0, 0, 0, 0, 0, 0, 1, 4
"/Users/patrykkrzemien/Documents/GitHub/pupil_app/assets/translations/pl.json", "JSON", 3, 0, 0, 0, 0, 0, 0, 0, 0, 0, 0, 1, 4
"/Users/patrykkrzemien/Documents/GitHub/pupil_app/backend/firebase.json", "JSON", 18, 0, 0, 0, 0, 0, 0, 0, 0, 0, 0, 1, 19
"/Users/patrykkrzemien/Documents/GitHub/pupil_app/devtools_options.yaml", "YAML", 0, 1, 0, 0, 0, 0, 0, 0, 0, 0, 0, 1, 2
"/Users/patrykkrzemien/Documents/GitHub/pupil_app/firebase.json", "JSON", 17, 0, 0, 0, 0, 0, 0, 0, 0, 0, 0, 1, 18
"/Users/patrykkrzemien/Documents/GitHub/pupil_app/ios/Runner/AppDelegate.swift", "Swift", 0, 0, 0, 0, 0, 0, 16, 0, 0, 0, 0, 5, 21
"/Users/patrykkrzemien/Documents/GitHub/pupil_app/ios/Runner/Assets.xcassets/AppIcon.appiconset/Contents.json", "JSON", 122, 0, 0, 0, 0, 0, 0, 0, 0, 0, 0, 1, 123
"/Users/patrykkrzemien/Documents/GitHub/pupil_app/ios/Runner/Assets.xcassets/LaunchImage.imageset/Contents.json", "JSON", 23, 0, 0, 0, 0, 0, 0, 0, 0, 0, 0, 1, 24
"/Users/patrykkrzemien/Documents/GitHub/pupil_app/ios/Runner/Assets.xcassets/LaunchImage.imageset/README.md", "Markdown", 0, 0, 3, 0, 0, 0, 0, 0, 0, 0, 0, 2, 5
"/Users/patrykkrzemien/Documents/GitHub/pupil_app/ios/Runner/Base.lproj/LaunchScreen.storyboard", "XML", 0, 0, 0, 0, 0, 0, 0, 36, 0, 0, 1, 1, 38
"/Users/patrykkrzemien/Documents/GitHub/pupil_app/ios/Runner/Base.lproj/Main.storyboard", "XML", 0, 0, 0, 0, 0, 0, 0, 25, 0, 0, 1, 1, 27
"/Users/patrykkrzemien/Documents/GitHub/pupil_app/ios/Runner/Runner-Bridging-Header.h", "C++", 0, 0, 0, 0, 0, 0, 0, 0, 1, 0, 0, 1, 2
"/Users/patrykkrzemien/Documents/GitHub/pupil_app/ios/RunnerTests/RunnerTests.swift", "Swift", 0, 0, 0, 0, 0, 0, 7, 0, 0, 0, 2, 4, 13
"/Users/patrykkrzemien/Documents/GitHub/pupil_app/lib/bottom_app_bar.dart", "Dart", 0, 0, 0, 58, 0, 0, 0, 0, 0, 0, 0, 8, 66
"/Users/patrykkrzemien/Documents/GitHub/pupil_app/lib/firebase_options.dart", "Dart", 0, 0, 0, 64, 0, 0, 0, 0, 0, 0, 12, 6, 82
"/Users/patrykkrzemien/Documents/GitHub/pupil_app/lib/main.dart", "Dart", 0, 0, 0, 48, 0, 0, 0, 0, 0, 0, 0, 7, 55
"/Users/patrykkrzemien/Documents/GitHub/pupil_app/lib/src/auth/auth.dart", "Dart", 0, 0, 0, 23, 0, 0, 0, 0, 0, 0, 2, 3, 28
"/Users/patrykkrzemien/Documents/GitHub/pupil_app/lib/src/auth/login_or_register.dart", "Dart", 0, 0, 0, 24, 0, 0, 0, 0, 0, 0, 2, 6, 32
"/Users/patrykkrzemien/Documents/GitHub/pupil_app/lib/src/components/add_pet_steps/add_pet_app_bar.dart", "Dart", 0, 0, 0, 25, 0, 0, 0, 0, 0, 0, 0, 2, 27
"/Users/patrykkrzemien/Documents/GitHub/pupil_app/lib/src/components/add_pet_steps/add_pet_segment_progress_bar.dart", "Dart", 0, 0, 0, 39, 0, 0, 0, 0, 0, 0, 0, 4, 43
"/Users/patrykkrzemien/Documents/GitHub/pupil_app/lib/src/components/add_pet_steps/add_pet_step1_name.dart", "Dart", 0, 0, 0, 216, 0, 0, 0, 0, 0, 0, 0, 12, 228
"/Users/patrykkrzemien/Documents/GitHub/pupil_app/lib/src/components/add_pet_steps/add_pet_step2_birthday.dart", "Dart", 0, 0, 0, 240, 0, 0, 0, 0, 0, 0, 3, 11, 254
"/Users/patrykkrzemien/Documents/GitHub/pupil_app/lib/src/components/add_pet_steps/add_pet_step3_gender.dart", "Dart", 0, 0, 0, 190, 0, 0, 0, 0, 0, 0, 1, 9, 200
"/Users/patrykkrzemien/Documents/GitHub/pupil_app/lib/src/components/add_pet_steps/add_pet_step4_breed.dart", "Dart", 0, 0, 0, 320, 0, 0, 0, 0, 0, 0, 5, 16, 341
"/Users/patrykkrzemien/Documents/GitHub/pupil_app/lib/src/components/add_pet_steps/add_pet_step5_avatar.dart", "Dart", 0, 0, 0, 252, 0, 0, 0, 0, 0, 0, 0, 20, 272
"/Users/patrykkrzemien/Documents/GitHub/pupil_app/lib/src/components/add_pet_steps/dogs_breed_data.dart", "Dart", 0, 0, 0, 453, 0, 0, 0, 0, 0, 0, 0, 2, 455
"/Users/patrykkrzemien/Documents/GitHub/pupil_app/lib/src/components/bar_graph/bar_data.dart", "Dart", 0, 0, 0, 91, 0, 0, 0, 0, 0, 0, 1, 5, 97
"/Users/patrykkrzemien/Documents/GitHub/pupil_app/lib/src/components/bar_graph/bar_graph.dart", "Dart", 0, 0, 0, 129, 0, 0, 0, 0, 0, 0, 11, 10, 150
"/Users/patrykkrzemien/Documents/GitHub/pupil_app/lib/src/components/bar_graph/get_daily_bootom_titles.dart", "Dart", 0, 0, 0, 20, 0, 0, 0, 0, 0, 0, 0, 5, 25
"/Users/patrykkrzemien/Documents/GitHub/pupil_app/lib/src/components/bar_graph/get_monthly_bootom_titles.dart", "Dart", 0, 0, 0, 23, 0, 0, 0, 0, 0, 0, 0, 6, 29
"/Users/patrykkrzemien/Documents/GitHub/pupil_app/lib/src/components/bar_graph/get_weakly_bootom_titles.dart", "Dart", 0, 0, 0, 58, 0, 0, 0, 0, 0, 0, 0, 4, 62
"/Users/patrykkrzemien/Documents/GitHub/pupil_app/lib/src/components/bar_graph/get_yerly_titles.dart", "Dart", 0, 0, 0, 83, 0, 0, 0, 0, 0, 0, 0, 5, 88
"/Users/patrykkrzemien/Documents/GitHub/pupil_app/lib/src/components/bar_graph/individual_bar.dart", "Dart", 0, 0, 0, 5, 0, 0, 0, 0, 0, 0, 0, 2, 7
"/Users/patrykkrzemien/Documents/GitHub/pupil_app/lib/src/components/bar_graph/mood_bar_graph/calculate_daily_moods.dart", "Dart", 0, 0, 0, 22, 0, 0, 0, 0, 0, 0, 4, 7, 33
"/Users/patrykkrzemien/Documents/GitHub/pupil_app/lib/src/components/bar_graph/mood_bar_graph/calculate_monthly_moods.dart", "Dart", 0, 0, 0, 0, 0, 0, 0, 0, 0, 0, 0, 1, 1
"/Users/patrykkrzemien/Documents/GitHub/pupil_app/lib/src/components/bar_graph/mood_bar_graph/calculate_weekly_moods.dart", "Dart", 0, 0, 0, 0, 0, 0, 0, 0, 0, 0, 0, 1, 1
"/Users/patrykkrzemien/Documents/GitHub/pupil_app/lib/src/components/bar_graph/mood_bar_graph/calculate_yearly_moods.dart", "Dart", 0, 0, 0, 0, 0, 0, 0, 0, 0, 0, 0, 1, 1
"/Users/patrykkrzemien/Documents/GitHub/pupil_app/lib/src/components/bar_graph/walks_bar_graph/calculate_daily_walks.dart", "Dart", 0, 0, 0, 23, 0, 0, 0, 0, 0, 0, 6, 7, 36
"/Users/patrykkrzemien/Documents/GitHub/pupil_app/lib/src/components/bar_graph/walks_bar_graph/calculate_monthly_walks.dart", "Dart", 0, 0, 0, 25, 0, 0, 0, 0, 0, 0, 7, 8, 40
"/Users/patrykkrzemien/Documents/GitHub/pupil_app/lib/src/components/bar_graph/walks_bar_graph/calculate_weekly_walks.dart", "Dart", 0, 0, 0, 24, 0, 0, 0, 0, 0, 0, 7, 8, 39
"/Users/patrykkrzemien/Documents/GitHub/pupil_app/lib/src/components/bar_graph/walks_bar_graph/calculate_yearly_walks.dart", "Dart", 0, 0, 0, 17, 0, 0, 0, 0, 0, 0, 4, 5, 26
"/Users/patrykkrzemien/Documents/GitHub/pupil_app/lib/src/components/events/event_care/event_care.dart", "Dart", 0, 0, 0, 152, 0, 0, 0, 0, 0, 0, 0, 10, 162
"/Users/patrykkrzemien/Documents/GitHub/pupil_app/lib/src/components/events/event_care/event_type_card_care.dart", "Dart", 0, 0, 0, 372, 0, 0, 0, 0, 0, 0, 0, 9, 381
"/Users/patrykkrzemien/Documents/GitHub/pupil_app/lib/src/components/events/event_food/event_water.dart", "Dart", 0, 0, 0, 270, 0, 0, 0, 0, 0, 0, 0, 14, 284
"/Users/patrykkrzemien/Documents/GitHub/pupil_app/lib/src/components/events/event_food/functions/food_or_water_alert_dialog.dart", "Dart", 0, 0, 0, 42, 0, 0, 0, 0, 0, 0, 0, 2, 44
"/Users/patrykkrzemien/Documents/GitHub/pupil_app/lib/src/components/events/event_food/functions/get_formatted_date.dart", "Dart", 0, 0, 0, 14, 0, 0, 0, 0, 0, 0, 0, 3, 17
"/Users/patrykkrzemien/Documents/GitHub/pupil_app/lib/src/components/events/event_food/functions/is_same_day.dart", "Dart", 0, 0, 0, 5, 0, 0, 0, 0, 0, 0, 0, 1, 6
"/Users/patrykkrzemien/Documents/GitHub/pupil_app/lib/src/components/events/event_food/functions/show_delete_confirmation_dialog.dart", "Dart", 0, 0, 0, 45, 0, 0, 0, 0, 0, 0, 0, 2, 47
"/Users/patrykkrzemien/Documents/GitHub/pupil_app/lib/src/components/events/event_food/functions/show_ingredient_details.dart", "Dart", 0, 0, 0, 236, 0, 0, 0, 0, 0, 0, 1, 7, 244
"/Users/patrykkrzemien/Documents/GitHub/pupil_app/lib/src/components/events/event_food/functions/show_meal_details.dart", "Dart", 0, 0, 0, 392, 0, 0, 0, 0, 0, 0, 5, 9, 406
"/Users/patrykkrzemien/Documents/GitHub/pupil_app/lib/src/components/events/event_food/functions/show_new_product.dart", "Dart", 0, 0, 0, 346, 0, 0, 0, 0, 0, 0, 1, 11, 358
"/Users/patrykkrzemien/Documents/GitHub/pupil_app/lib/src/components/events/event_food/functions/show_product_details.dart", "Dart", 0, 0, 0, 515, 0, 0, 0, 0, 0, 0, 1, 13, 529
"/Users/patrykkrzemien/Documents/GitHub/pupil_app/lib/src/components/events/event_food/functions/show_recipe_details.dart", "Dart", 0, 0, 0, 656, 0, 0, 0, 0, 0, 0, 1, 13, 670
"/Users/patrykkrzemien/Documents/GitHub/pupil_app/lib/src/components/events/event_food/others/bottom_nav_action_button.dart", "Dart", 0, 0, 0, 44, 0, 0, 0, 0, 0, 0, 0, 2, 46
"/Users/patrykkrzemien/Documents/GitHub/pupil_app/lib/src/components/events/event_food/others/caregory_selector.dart", "Dart", 0, 0, 0, 21, 0, 0, 0, 0, 0, 0, 0, 2, 23
"/Users/patrykkrzemien/Documents/GitHub/pupil_app/lib/src/components/events/event_food/others/date_selector.dart", "Dart", 0, 0, 0, 51, 0, 0, 0, 0, 0, 0, 0, 3, 54
"/Users/patrykkrzemien/Documents/GitHub/pupil_app/lib/src/components/events/event_food/others/food_screen_app_bar.dart", "Dart", 0, 0, 0, 43, 0, 0, 0, 0, 0, 0, 0, 2, 45
"/Users/patrykkrzemien/Documents/GitHub/pupil_app/lib/src/components/events/event_food/others/food_screen_bootom_navigation_bar.dart", "Dart", 0, 0, 0, 75, 0, 0, 0, 0, 0, 0, 0, 2, 77
"/Users/patrykkrzemien/Documents/GitHub/pupil_app/lib/src/components/events/event_food/others/food_screen_macro_circles.dart", "Dart", 0, 0, 0, 46, 0, 0, 0, 0, 0, 0, 0, 5, 51
"/Users/patrykkrzemien/Documents/GitHub/pupil_app/lib/src/components/events/event_food/others/food_screen_macro_circles_nutrient_circle.dart", "Dart", 0, 0, 0, 63, 0, 0, 0, 0, 0, 0, 0, 4, 67
"/Users/patrykkrzemien/Documents/GitHub/pupil_app/lib/src/components/events/event_food/others/nutrient_new_recipe.dart", "Dart", 0, 0, 0, 44, 0, 0, 0, 0, 0, 0, 1, 6, 51
"/Users/patrykkrzemien/Documents/GitHub/pupil_app/lib/src/components/events/event_food/others/product_search_delegate.dart", "Dart", 0, 0, 0, 82, 0, 0, 0, 0, 0, 0, 1, 11, 94
"/Users/patrykkrzemien/Documents/GitHub/pupil_app/lib/src/components/events/event_food/others/smart_goal_kcal_macros.dart", "Dart", 0, 0, 0, 355, 0, 0, 0, 0, 0, 0, 2, 18, 375
"/Users/patrykkrzemien/Documents/GitHub/pupil_app/lib/src/components/events/event_medications/event_type_card_medicine.dart", "Dart", 0, 0, 0, 409, 0, 0, 0, 0, 0, 0, 2, 9, 420
"/Users/patrykkrzemien/Documents/GitHub/pupil_app/lib/src/components/events/event_medications/event_vaccine.dart", "Dart", 0, 0, 0, 157, 0, 0, 0, 0, 0, 0, 0, 10, 167
"/Users/patrykkrzemien/Documents/GitHub/pupil_app/lib/src/components/events/event_medicine/add_medicine/show_add_medicine_date.dart", "Dart", 0, 0, 0, 215, 0, 0, 0, 0, 0, 0, 0, 3, 218
"/Users/patrykkrzemien/Documents/GitHub/pupil_app/lib/src/components/events/event_medicine/add_medicine/show_add_medicine_emoji.dart", "Dart", 0, 0, 0, 157, 0, 0, 0, 0, 0, 0, 0, 3, 160
"/Users/patrykkrzemien/Documents/GitHub/pupil_app/lib/src/components/events/event_medicine/add_medicine/show_add_medicine_name.dart", "Dart", 0, 0, 0, 180, 0, 0, 0, 0, 0, 0, 0, 3, 183
"/Users/patrykkrzemien/Documents/GitHub/pupil_app/lib/src/components/events/event_medicine/add_medicine/show_add_medicine_schedule.dart", "Dart", 0, 0, 0, 313, 0, 0, 0, 0, 0, 0, 0, 6, 319
"/Users/patrykkrzemien/Documents/GitHub/pupil_app/lib/src/components/events/event_medicine/add_medicine/show_add_medicine_strength.dart", "Dart", 0, 0, 0, 195, 0, 0, 0, 0, 0, 0, 0, 3, 198
"/Users/patrykkrzemien/Documents/GitHub/pupil_app/lib/src/components/events/event_medicine/add_medicine/show_add_medicine_summary.dart", "Dart", 0, 0, 0, 288, 0, 0, 0, 0, 0, 0, 3, 14, 305
"/Users/patrykkrzemien/Documents/GitHub/pupil_app/lib/src/components/events/event_medicine/add_medicine/show_add_medicine_type.dart", "Dart", 0, 0, 0, 175, 0, 0, 0, 0, 0, 0, 0, 4, 179
"/Users/patrykkrzemien/Documents/GitHub/pupil_app/lib/src/components/events/event_medicine/medicine_details_emoji.dart", "Dart", 0, 0, 0, 101, 0, 0, 0, 0, 0, 0, 0, 7, 108
"/Users/patrykkrzemien/Documents/GitHub/pupil_app/lib/src/components/events/event_medicine/medicine_details_end_date.dart", "Dart", 0, 0, 0, 59, 0, 0, 0, 0, 0, 0, 0, 3, 62
"/Users/patrykkrzemien/Documents/GitHub/pupil_app/lib/src/components/events/event_medicine/medicine_details_frequency.dart", "Dart", 0, 0, 0, 63, 0, 0, 0, 0, 0, 0, 1, 4, 68
"/Users/patrykkrzemien/Documents/GitHub/pupil_app/lib/src/components/events/event_medicine/medicine_details_name.dart", "Dart", 0, 0, 0, 32, 0, 0, 0, 0, 0, 0, 0, 3, 35
"/Users/patrykkrzemien/Documents/GitHub/pupil_app/lib/src/components/events/event_medicine/medicine_details_start_date.dart", "Dart", 0, 0, 0, 61, 0, 0, 0, 0, 0, 0, 0, 3, 64
"/Users/patrykkrzemien/Documents/GitHub/pupil_app/lib/src/components/events/event_medicine/medicine_new_reminder_button.dart", "Dart", 0, 0, 0, 55, 0, 0, 0, 0, 0, 0, 0, 4, 59
"/Users/patrykkrzemien/Documents/GitHub/pupil_app/lib/src/components/events/event_medicine/medicine_reminder_item.dart", "Dart", 0, 0, 0, 20, 0, 0, 0, 0, 0, 0, 0, 2, 22
"/Users/patrykkrzemien/Documents/GitHub/pupil_app/lib/src/components/events/event_medicine/medicinie_details_dosage.dart", "Dart", 0, 0, 0, 62, 0, 0, 0, 0, 0, 0, 0, 3, 65
"/Users/patrykkrzemien/Documents/GitHub/pupil_app/lib/src/components/events/event_medicine/show_add_medicine.dart", "Dart", 0, 0, 0, 213, 0, 0, 0, 0, 0, 0, 9, 14, 236
"/Users/patrykkrzemien/Documents/GitHub/pupil_app/lib/src/components/events/event_medicine/show_add_medicine_date.dart", "Dart", 0, 0, 0, 0, 0, 0, 0, 0, 0, 0, 0, 2, 2
"/Users/patrykkrzemien/Documents/GitHub/pupil_app/lib/src/components/events/event_mood_and_mental/event_mood.dart", "Dart", 0, 0, 0, 141, 0, 0, 0, 0, 0, 0, 0, 9, 150
"/Users/patrykkrzemien/Documents/GitHub/pupil_app/lib/src/components/events/event_mood_and_mental/event_psychic.dart", "Dart", 0, 0, 0, 150, 0, 0, 0, 0, 0, 0, 0, 8, 158
"/Users/patrykkrzemien/Documents/GitHub/pupil_app/lib/src/components/events/event_mood_and_mental/event_type_card_mood_and_mental.dart", "Dart", 0, 0, 0, 402, 0, 0, 0, 0, 0, 0, 2, 7, 411
"/Users/patrykkrzemien/Documents/GitHub/pupil_app/lib/src/components/events/event_notes/event_note.dart", "Dart", 0, 0, 0, 192, 0, 0, 0, 0, 0, 0, 0, 11, 203
"/Users/patrykkrzemien/Documents/GitHub/pupil_app/lib/src/components/events/event_notes/event_type_card_notes.dart", "Dart", 0, 0, 0, 343, 0, 0, 0, 0, 0, 0, 0, 7, 350
"/Users/patrykkrzemien/Documents/GitHub/pupil_app/lib/src/components/events/event_stool_and_urine/event_stool.dart", "Dart", 0, 0, 0, 169, 0, 0, 0, 0, 0, 0, 0, 8, 177
"/Users/patrykkrzemien/Documents/GitHub/pupil_app/lib/src/components/events/event_stool_and_urine/event_type_card_stool_and_urine.dart", "Dart", 0, 0, 0, 489, 0, 0, 0, 0, 0, 0, 1, 12, 502
"/Users/patrykkrzemien/Documents/GitHub/pupil_app/lib/src/components/events/event_stool_and_urine/event_urine.dart", "Dart", 0, 0, 0, 157, 0, 0, 0, 0, 0, 0, 0, 8, 165
"/Users/patrykkrzemien/Documents/GitHub/pupil_app/lib/src/components/events/event_temperature/event_temperature.dart", "Dart", 0, 0, 0, 351, 0, 0, 0, 0, 0, 0, 0, 15, 366
"/Users/patrykkrzemien/Documents/GitHub/pupil_app/lib/src/components/events/event_temperature/event_type_card_temperature.dart", "Dart", 0, 0, 0, 347, 0, 0, 0, 0, 0, 0, 0, 8, 355
"/Users/patrykkrzemien/Documents/GitHub/pupil_app/lib/src/components/events/event_water/show_water_menu.dart", "Dart", 0, 0, 0, 200, 0, 0, 0, 0, 0, 0, 1, 5, 206
"/Users/patrykkrzemien/Documents/GitHub/pupil_app/lib/src/components/events/others/event_delete_func.dart", "Dart", 0, 0, 0, 102, 0, 0, 0, 0, 0, 0, 1, 21, 124
"/Users/patrykkrzemien/Documents/GitHub/pupil_app/lib/src/components/events/others/event_service.dart", "Dart", 0, 0, 0, 134, 0, 0, 0, 0, 0, 0, 0, 12, 146
"/Users/patrykkrzemien/Documents/GitHub/pupil_app/lib/src/components/events/others/event_stomach.dart", "Dart", 0, 0, 0, 139, 0, 0, 0, 0, 0, 0, 0, 10, 149
"/Users/patrykkrzemien/Documents/GitHub/pupil_app/lib/src/components/events/others/event_tile.dart", "Dart", 0, 0, 0, 247, 0, 0, 0, 0, 0, 0, 2, 13, 262
"/Users/patrykkrzemien/Documents/GitHub/pupil_app/lib/src/components/events/others/event_type_card.dart", "Dart", 0, 0, 0, 42, 0, 0, 0, 0, 0, 0, 0, 2, 44
"/Users/patrykkrzemien/Documents/GitHub/pupil_app/lib/src/components/events/others/event_type_selection.dart", "Dart", 0, 0, 0, 103, 0, 0, 0, 0, 0, 0, 1, 3, 107
"/Users/patrykkrzemien/Documents/GitHub/pupil_app/lib/src/components/events/others/event_walk.dart", "Dart", 0, 0, 0, 302, 0, 0, 0, 0, 0, 0, 4, 21, 327
"/Users/patrykkrzemien/Documents/GitHub/pupil_app/lib/src/components/events/others/event_weight.dart", "Dart", 0, 0, 0, 272, 0, 0, 0, 0, 0, 0, 0, 13, 285
"/Users/patrykkrzemien/Documents/GitHub/pupil_app/lib/src/components/events/walk/event_walk_build_time_selector.dart", "Dart", 0, 0, 0, 41, 0, 0, 0, 0, 0, 0, 0, 2, 43
"/Users/patrykkrzemien/Documents/GitHub/pupil_app/lib/src/components/events/walk/event_walk_cancel_walk.dart", "Dart", 0, 0, 0, 20, 0, 0, 0, 0, 0, 0, 0, 3, 23
"/Users/patrykkrzemien/Documents/GitHub/pupil_app/lib/src/components/events/walk/event_walk_many_hours_alert.dart", "Dart", 0, 0, 0, 37, 0, 0, 0, 0, 0, 0, 0, 4, 41
"/Users/patrykkrzemien/Documents/GitHub/pupil_app/lib/src/components/health/event_list_item_builder.dart", "Dart", 0, 0, 0, 40, 0, 0, 0, 0, 0, 0, 0, 4, 44
"/Users/patrykkrzemien/Documents/GitHub/pupil_app/lib/src/components/health/get_all_tiles.dart", "Dart", 0, 0, 0, 21, 0, 0, 0, 0, 0, 0, 0, 2, 23
"/Users/patrykkrzemien/Documents/GitHub/pupil_app/lib/src/components/health/health_tile.dart", "Dart", 0, 0, 0, 63, 0, 0, 0, 0, 0, 0, 0, 4, 67
"/Users/patrykkrzemien/Documents/GitHub/pupil_app/lib/src/components/others/my_textfield.dart", "Dart", 0, 0, 0, 25, 0, 0, 0, 0, 0, 0, 0, 4, 29
"/Users/patrykkrzemien/Documents/GitHub/pupil_app/lib/src/components/others/signin_button.dart", "Dart", 0, 0, 0, 21, 0, 0, 0, 0, 0, 0, 0, 3, 24
"/Users/patrykkrzemien/Documents/GitHub/pupil_app/lib/src/components/pet_detail/pet_detail_icon_widget.dart", "Dart", 0, 0, 0, 121, 0, 0, 0, 0, 0, 0, 3, 6, 130
"/Users/patrykkrzemien/Documents/GitHub/pupil_app/lib/src/components/pet_detail/pet_detail_name_age_button_widget.dart", "Dart", 0, 0, 0, 93, 0, 0, 0, 0, 0, 0, 3, 6, 102
"/Users/patrykkrzemien/Documents/GitHub/pupil_app/lib/src/components/widgets_todo_task_foldery/achievement_widgets/initialize_achievements.dart", "Dart", 0, 0, 0, 268, 0, 0, 0, 0, 0, 0, 4, 8, 280
"/Users/patrykkrzemien/Documents/GitHub/pupil_app/lib/src/components/widgets_todo_task_foldery/health_activity_widgets/activity_data_row.dart", "Dart", 0, 0, 0, 36, 0, 0, 0, 0, 0, 0, 0, 4, 40
"/Users/patrykkrzemien/Documents/GitHub/pupil_app/lib/src/components/widgets_todo_task_foldery/health_activity_widgets/arrow_button.dart", "Dart", 0, 0, 0, 22, 0, 0, 0, 0, 0, 0, 0, 4, 26
"/Users/patrykkrzemien/Documents/GitHub/pupil_app/lib/src/components/widgets_todo_task_foldery/health_activity_widgets/average_section.dart", "Dart", 0, 0, 0, 87, 0, 0, 0, 0, 0, 0, 0, 10, 97
"/Users/patrykkrzemien/Documents/GitHub/pupil_app/lib/src/components/widgets_todo_task_foldery/health_activity_widgets/day_view.dart", "Dart", 0, 0, 0, 57, 0, 0, 0, 0, 0, 0, 0, 4, 61
"/Users/patrykkrzemien/Documents/GitHub/pupil_app/lib/src/components/widgets_todo_task_foldery/health_activity_widgets/month_view.dart", "Dart", 0, 0, 0, 102, 0, 0, 0, 0, 0, 0, 0, 4, 106
"/Users/patrykkrzemien/Documents/GitHub/pupil_app/lib/src/components/widgets_todo_task_foldery/health_activity_widgets/popup.dart", "Dart", 0, 0, 0, 104, 0, 0, 0, 0, 0, 0, 0, 6, 110
"/Users/patrykkrzemien/Documents/GitHub/pupil_app/lib/src/components/widgets_todo_task_foldery/health_activity_widgets/section_title.dart", "Dart", 0, 0, 0, 22, 0, 0, 0, 0, 0, 0, 0, 4, 26
"/Users/patrykkrzemien/Documents/GitHub/pupil_app/lib/src/components/widgets_todo_task_foldery/health_activity_widgets/summary_section.dart", "Dart", 0, 0, 0, 107, 0, 0, 0, 0, 0, 0, 0, 8, 115
"/Users/patrykkrzemien/Documents/GitHub/pupil_app/lib/src/components/widgets_todo_task_foldery/health_activity_widgets/switch_widget.dart", "Dart", 0, 0, 0, 55, 0, 0, 0, 0, 0, 0, 0, 4, 59
"/Users/patrykkrzemien/Documents/GitHub/pupil_app/lib/src/components/widgets_todo_task_foldery/health_activity_widgets/week_view.dart", "Dart", 0, 0, 0, 119, 0, 0, 0, 0, 0, 0, 0, 5, 124
"/Users/patrykkrzemien/Documents/GitHub/pupil_app/lib/src/components/widgets_todo_task_foldery/health_events_widgets/health_event_card.dart", "Dart", 0, 0, 0, 90, 0, 0, 0, 0, 0, 0, 0, 4, 94
"/Users/patrykkrzemien/Documents/GitHub/pupil_app/lib/src/components/widgets_todo_task_foldery/home_widgets/active_walk_card.dart", "Dart", 0, 0, 0, 223, 0, 0, 0, 0, 0, 0, 0, 6, 229
"/Users/patrykkrzemien/Documents/GitHub/pupil_app/lib/src/components/widgets_todo_task_foldery/home_widgets/animal_card.dart", "Dart", 0, 0, 0, 140, 0, 0, 0, 0, 0, 0, 0, 7, 147
"/Users/patrykkrzemien/Documents/GitHub/pupil_app/lib/src/components/widgets_todo_task_foldery/home_widgets/appoitment_card.dart", "Dart", 0, 0, 0, 74, 0, 0, 0, 0, 0, 0, 1, 3, 78
"/Users/patrykkrzemien/Documents/GitHub/pupil_app/lib/src/components/widgets_todo_task_foldery/home_widgets/friend_request_card.dart", "Dart", 0, 0, 0, 98, 0, 0, 0, 0, 0, 0, 0, 5, 103
"/Users/patrykkrzemien/Documents/GitHub/pupil_app/lib/src/components/widgets_todo_task_foldery/home_widgets/reminder_card.dart", "Dart", 0, 0, 0, 356, 0, 0, 0, 0, 0, 0, 0, 16, 372
"/Users/patrykkrzemien/Documents/GitHub/pupil_app/lib/src/components/widgets_todo_task_foldery/home_widgets/walk_card.dart", "Dart", 0, 0, 0, 134, 0, 0, 0, 0, 0, 0, 1, 6, 141
"/Users/patrykkrzemien/Documents/GitHub/pupil_app/lib/src/components/widgets_todo_task_foldery/reminders_widgets/date_picker_reminder.dart", "Dart", 0, 0, 0, 51, 0, 0, 0, 0, 0, 0, 0, 4, 55
"/Users/patrykkrzemien/Documents/GitHub/pupil_app/lib/src/components/widgets_todo_task_foldery/reminders_widgets/number_picker_dialog.dart", "Dart", 0, 0, 0, 57, 0, 0, 0, 0, 0, 0, 0, 5, 62
"/Users/patrykkrzemien/Documents/GitHub/pupil_app/lib/src/components/widgets_todo_task_foldery/reminders_widgets/pets_selection_reminder.dart", "Dart", 0, 0, 0, 79, 0, 0, 0, 0, 0, 0, 0, 4, 83
"/Users/patrykkrzemien/Documents/GitHub/pupil_app/lib/src/components/widgets_todo_task_foldery/reminders_widgets/text_field_reminder.dart", "Dart", 0, 0, 0, 48, 0, 0, 0, 0, 0, 0, 0, 4, 52
"/Users/patrykkrzemien/Documents/GitHub/pupil_app/lib/src/components/widgets_todo_task_foldery/reminders_widgets/time_picker_reminder.dart", "Dart", 0, 0, 0, 74, 0, 0, 0, 0, 0, 0, 0, 6, 80
"/Users/patrykkrzemien/Documents/GitHub/pupil_app/lib/src/components/widgets_todo_task_foldery/report_widget/generate_report_card.dart", "Dart", 0, 0, 0, 174, 0, 0, 0, 0, 0, 0, 2, 8, 184
"/Users/patrykkrzemien/Documents/GitHub/pupil_app/lib/src/components/widgets_todo_task_foldery/report_widget/generete_print_report.dart", "Dart", 0, 0, 0, 213, 0, 0, 0, 0, 0, 0, 0, 12, 225
"/Users/patrykkrzemien/Documents/GitHub/pupil_app/lib/src/components/widgets_todo_task_foldery/report_widget/show_date_range_dialog.dart", "Dart", 0, 0, 0, 127, 0, 0, 0, 0, 0, 0, 1, 3, 131
"/Users/patrykkrzemien/Documents/GitHub/pupil_app/lib/src/helpers/calculate_age.dart", "Dart", 0, 0, 0, 29, 0, 0, 0, 0, 0, 0, 0, 6, 35
"/Users/patrykkrzemien/Documents/GitHub/pupil_app/lib/src/helpers/calculate_average.dart", "Dart", 0, 0, 0, 17, 0, 0, 0, 0, 0, 0, 2, 5, 24
"/Users/patrykkrzemien/Documents/GitHub/pupil_app/lib/src/helpers/days_in_month_helper.dart", "Dart", 0, 0, 0, 3, 0, 0, 0, 0, 0, 0, 0, 1, 4
"/Users/patrykkrzemien/Documents/GitHub/pupil_app/lib/src/helpers/generate_unique_id.dart", "Dart", 0, 0, 0, 11, 0, 0, 0, 0, 0, 0, 0, 3, 14
"/Users/patrykkrzemien/Documents/GitHub/pupil_app/lib/src/helpers/helper_functions.dart", "Dart", 0, 0, 0, 19, 0, 0, 0, 0, 0, 0, 0, 2, 21
"/Users/patrykkrzemien/Documents/GitHub/pupil_app/lib/src/helpers/helper_show_avatar_selection.dart", "Dart", 0, 0, 0, 74, 0, 0, 0, 0, 0, 0, 0, 3, 77
"/Users/patrykkrzemien/Documents/GitHub/pupil_app/lib/src/helpers/helper_show_bacground_selection.dart", "Dart", 0, 0, 0, 75, 0, 0, 0, 0, 0, 0, 0, 3, 78
"/Users/patrykkrzemien/Documents/GitHub/pupil_app/lib/src/helpers/loading_dialog.dart", "Dart", 0, 0, 0, 37, 0, 0, 0, 0, 0, 0, 0, 3, 40
"/Users/patrykkrzemien/Documents/GitHub/pupil_app/lib/src/helpers/notifier_service.dart", "Dart", 0, 0, 0, 20, 0, 0, 0, 0, 0, 0, 0, 5, 25
"/Users/patrykkrzemien/Documents/GitHub/pupil_app/lib/src/helpers/schedule_notification.dart", "Dart", 0, 0, 0, 91, 0, 0, 0, 0, 0, 0, 3, 8, 102
"/Users/patrykkrzemien/Documents/GitHub/pupil_app/lib/src/models/adapter/time_of_day_adapter.dart", "Dart", 0, 0, 0, 17, 0, 0, 0, 0, 0, 0, 0, 4, 21
"/Users/patrykkrzemien/Documents/GitHub/pupil_app/lib/src/models/events_models/event_care_model.dart", "Dart", 0, 0, 0, 38, 0, 0, 0, 0, 0, 0, 0, 5, 43
"/Users/patrykkrzemien/Documents/GitHub/pupil_app/lib/src/models/events_models/event_eaten_meal_model.dart", "Dart", 0, 0, 0, 49, 0, 0, 0, 0, 0, 0, 0, 5, 54
"/Users/patrykkrzemien/Documents/GitHub/pupil_app/lib/src/models/events_models/event_food_pet_setting_model.dart", "Dart", 0, 0, 0, 60, 0, 0, 0, 0, 0, 0, 0, 6, 66
"/Users/patrykkrzemien/Documents/GitHub/pupil_app/lib/src/models/events_models/event_food_recipe_model.dart", "Dart", 0, 0, 0, 52, 0, 0, 0, 0, 0, 0, 0, 4, 56
"/Users/patrykkrzemien/Documents/GitHub/pupil_app/lib/src/models/events_models/event_medicine_model.dart", "Dart", 0, 0, 0, 79, 0, 0, 0, 0, 0, 0, 0, 5, 84
"/Users/patrykkrzemien/Documents/GitHub/pupil_app/lib/src/models/events_models/event_model.dart", "Dart", 0, 0, 0, 117, 0, 0, 0, 0, 0, 0, 0, 6, 123
"/Users/patrykkrzemien/Documents/GitHub/pupil_app/lib/src/models/events_models/event_mood_model.dart", "Dart", 0, 0, 0, 64, 0, 0, 0, 0, 0, 0, 0, 6, 70
"/Users/patrykkrzemien/Documents/GitHub/pupil_app/lib/src/models/events_models/event_note_model.dart", "Dart", 0, 0, 0, 34, 0, 0, 0, 0, 0, 0, 0, 4, 38
"/Users/patrykkrzemien/Documents/GitHub/pupil_app/lib/src/models/events_models/event_preferences.dart", "Dart", 0, 0, 0, 20, 0, 0, 0, 0, 0, 0, 0, 4, 24
"/Users/patrykkrzemien/Documents/GitHub/pupil_app/lib/src/models/events_models/event_psychic_model.dart", "Dart", 0, 0, 0, 34, 0, 0, 0, 0, 0, 0, 0, 5, 39
"/Users/patrykkrzemien/Documents/GitHub/pupil_app/lib/src/models/events_models/event_reminder_model.dart", "Dart", 0, 0, 0, 69, 0, 0, 0, 0, 0, 0, 0, 5, 74
"/Users/patrykkrzemien/Documents/GitHub/pupil_app/lib/src/models/events_models/event_service_event_model.dart", "Dart", 0, 0, 0, 38, 0, 0, 0, 0, 0, 0, 0, 5, 43
"/Users/patrykkrzemien/Documents/GitHub/pupil_app/lib/src/models/events_models/event_stomach_model.dart", "Dart", 0, 0, 0, 34, 0, 0, 0, 0, 0, 0, 0, 5, 39
"/Users/patrykkrzemien/Documents/GitHub/pupil_app/lib/src/models/events_models/event_stool_model.dart", "Dart", 0, 0, 0, 34, 0, 0, 0, 0, 0, 0, 0, 5, 39
"/Users/patrykkrzemien/Documents/GitHub/pupil_app/lib/src/models/events_models/event_temperature_model.dart", "Dart", 0, 0, 0, 30, 0, 0, 0, 0, 0, 0, 0, 5, 35
"/Users/patrykkrzemien/Documents/GitHub/pupil_app/lib/src/models/events_models/event_urine_model.dart", "Dart", 0, 0, 0, 34, 0, 0, 0, 0, 0, 0, 0, 5, 39
"/Users/patrykkrzemien/Documents/GitHub/pupil_app/lib/src/models/events_models/event_vacine_model.dart", "Dart", 0, 0, 0, 38, 0, 0, 0, 0, 0, 0, 0, 5, 43
"/Users/patrykkrzemien/Documents/GitHub/pupil_app/lib/src/models/events_models/event_walk_model.dart", "Dart", 0, 0, 0, 57, 0, 0, 0, 0, 0, 0, 0, 5, 62
"/Users/patrykkrzemien/Documents/GitHub/pupil_app/lib/src/models/events_models/event_water_model.dart", "Dart", 0, 0, 0, 30, 0, 0, 0, 0, 0, 0, 0, 5, 35
"/Users/patrykkrzemien/Documents/GitHub/pupil_app/lib/src/models/events_models/event_weight_model.dart", "Dart", 0, 0, 0, 31, 0, 0, 0, 0, 0, 0, 0, 5, 36
"/Users/patrykkrzemien/Documents/GitHub/pupil_app/lib/src/models/others/achievement.dart", "Dart", 0, 0, 0, 33, 0, 0, 0, 0, 0, 0, 0, 5, 38
"/Users/patrykkrzemien/Documents/GitHub/pupil_app/lib/src/models/others/app_user_model.dart", "Dart", 0, 0, 0, 42, 0, 0, 0, 0, 0, 0, 0, 6, 48
"/Users/patrykkrzemien/Documents/GitHub/pupil_app/lib/src/models/others/card_preferences_model.dart", "Dart", 0, 0, 0, 10, 0, 0, 0, 0, 0, 0, 0, 4, 14
"/Users/patrykkrzemien/Documents/GitHub/pupil_app/lib/src/models/others/dog_breed_model.dart", "Dart", 0, 0, 0, 21, 0, 0, 0, 0, 0, 0, 0, 8, 29
"/Users/patrykkrzemien/Documents/GitHub/pupil_app/lib/src/models/others/dog_breed_model.g.dart", "Dart", 0, 0, 0, 36, 0, 0, 0, 0, 0, 0, 4, 8, 48
"/Users/patrykkrzemien/Documents/GitHub/pupil_app/lib/src/models/others/friend_model.dart", "Dart", 0, 0, 0, 24, 0, 0, 0, 0, 0, 0, 0, 5, 29
"/Users/patrykkrzemien/Documents/GitHub/pupil_app/lib/src/models/others/friend_request_model.dart", "Dart", 0, 0, 0, 28, 0, 0, 0, 0, 0, 0, 0, 5, 33
"/Users/patrykkrzemien/Documents/GitHub/pupil_app/lib/src/models/others/gender_enum.dart", "Dart", 0, 0, 0, 1, 0, 0, 0, 0, 0, 0, 0, 1, 2
"/Users/patrykkrzemien/Documents/GitHub/pupil_app/lib/src/models/others/home_preferences_model.dart", "Dart", 0, 0, 0, 20, 0, 0, 0, 0, 0, 0, 0, 4, 24
"/Users/patrykkrzemien/Documents/GitHub/pupil_app/lib/src/models/others/icon_layout.dart", "Dart", 0, 0, 0, 1, 0, 0, 0, 0, 0, 0, 0, 1, 2
"/Users/patrykkrzemien/Documents/GitHub/pupil_app/lib/src/models/others/local_user_model.dart", "Dart", 0, 0, 0, 22, 0, 0, 0, 0, 0, 0, 0, 5, 27
"/Users/patrykkrzemien/Documents/GitHub/pupil_app/lib/src/models/others/pet_model.dart", "Dart", 0, 0, 0, 46, 0, 0, 0, 0, 0, 0, 0, 5, 51
"/Users/patrykkrzemien/Documents/GitHub/pupil_app/lib/src/models/others/product_model.dart", "Dart", 0, 0, 0, 41, 0, 0, 0, 0, 0, 0, 0, 5, 46
"/Users/patrykkrzemien/Documents/GitHub/pupil_app/lib/src/models/others/settings_model.dart", "Dart", 0, 0, 0, 22, 0, 0, 0, 0, 0, 0, 0, 5, 27
"/Users/patrykkrzemien/Documents/GitHub/pupil_app/lib/src/models/others/tile_info.dart", "Dart", 0, 0, 0, 9, 0, 0, 0, 0, 0, 0, 0, 3, 12
"/Users/patrykkrzemien/Documents/GitHub/pupil_app/lib/src/models/others/user_achievement.dart", "Dart", 0, 0, 0, 29, 0, 0, 0, 0, 0, 0, 0, 5, 34
"/Users/patrykkrzemien/Documents/GitHub/pupil_app/lib/src/models/others/vet_visit_model.dart", "Dart", 0, 0, 0, 48, 0, 0, 0, 0, 0, 0, 0, 5, 53
"/Users/patrykkrzemien/Documents/GitHub/pupil_app/lib/src/models/others/walk_model.dart", "Dart", 0, 0, 0, 61, 0, 0, 0, 0, 0, 0, 0, 5, 66
"/Users/patrykkrzemien/Documents/GitHub/pupil_app/lib/src/providers/events_providers/event_care_provider.dart", "Dart", 0, 0, 0, 9, 0, 0, 0, 0, 0, 0, 0, 3, 12
"/Users/patrykkrzemien/Documents/GitHub/pupil_app/lib/src/providers/events_providers/event_food_pet_settings_provider.dart", "Dart", 0, 0, 0, 84, 0, 0, 0, 0, 0, 0, 1, 13, 98
"/Users/patrykkrzemien/Documents/GitHub/pupil_app/lib/src/providers/events_providers/event_food_recipe_provider.dart", "Dart", 0, 0, 0, 79, 0, 0, 0, 0, 0, 0, 1, 18, 98
"/Users/patrykkrzemien/Documents/GitHub/pupil_app/lib/src/providers/events_providers/event_medicine_provider.dart", "Dart", 0, 0, 0, 30, 0, 0, 0, 0, 0, 0, 0, 11, 41
"/Users/patrykkrzemien/Documents/GitHub/pupil_app/lib/src/providers/events_providers/event_mood_provider.dart", "Dart", 0, 0, 0, 9, 0, 0, 0, 0, 0, 0, 0, 3, 12
"/Users/patrykkrzemien/Documents/GitHub/pupil_app/lib/src/providers/events_providers/event_note_provider.dart", "Dart", 0, 0, 0, 5, 0, 0, 0, 0, 0, 0, 0, 2, 7
"/Users/patrykkrzemien/Documents/GitHub/pupil_app/lib/src/providers/events_providers/event_preferences_provider.dart", "Dart", 0, 0, 0, 86, 0, 0, 0, 0, 0, 0, 0, 11, 97
"/Users/patrykkrzemien/Documents/GitHub/pupil_app/lib/src/providers/events_providers/event_product_provider.dart", "Dart", 0, 0, 0, 50, 0, 0, 0, 0, 0, 0, 0, 11, 61
"/Users/patrykkrzemien/Documents/GitHub/pupil_app/lib/src/providers/events_providers/event_provider.dart", "Dart", 0, 0, 0, 12, 0, 0, 0, 0, 0, 0, 0, 4, 16
"/Users/patrykkrzemien/Documents/GitHub/pupil_app/lib/src/providers/events_providers/event_psychic_provider.dart", "Dart", 0, 0, 0, 9, 0, 0, 0, 0, 0, 0, 0, 3, 12
"/Users/patrykkrzemien/Documents/GitHub/pupil_app/lib/src/providers/events_providers/event_reminder_provider.dart", "Dart", 0, 0, 0, 28, 0, 0, 0, 0, 0, 0, 0, 8, 36
"/Users/patrykkrzemien/Documents/GitHub/pupil_app/lib/src/providers/events_providers/event_service_provider.dart", "Dart", 0, 0, 0, 9, 0, 0, 0, 0, 0, 0, 0, 3, 12
"/Users/patrykkrzemien/Documents/GitHub/pupil_app/lib/src/providers/events_providers/event_stomach_provider.dart", "Dart", 0, 0, 0, 9, 0, 0, 0, 0, 0, 0, 0, 3, 12
"/Users/patrykkrzemien/Documents/GitHub/pupil_app/lib/src/providers/events_providers/event_stool_provider.dart", "Dart", 0, 0, 0, 9, 0, 0, 0, 0, 0, 0, 0, 3, 12
"/Users/patrykkrzemien/Documents/GitHub/pupil_app/lib/src/providers/events_providers/event_temperature_provider.dart", "Dart", 0, 0, 0, 14, 0, 0, 0, 0, 0, 0, 0, 4, 18
"/Users/patrykkrzemien/Documents/GitHub/pupil_app/lib/src/providers/events_providers/event_urine_provider.dart", "Dart", 0, 0, 0, 9, 0, 0, 0, 0, 0, 0, 0, 3, 12
"/Users/patrykkrzemien/Documents/GitHub/pupil_app/lib/src/providers/events_providers/event_vacine_provider.dart", "Dart", 0, 0, 0, 9, 0, 0, 0, 0, 0, 0, 0, 3, 12
"/Users/patrykkrzemien/Documents/GitHub/pupil_app/lib/src/providers/events_providers/event_walk_provider.dart", "Dart", 0, 0, 0, 23, 0, 0, 0, 0, 0, 0, 0, 7, 30
"/Users/patrykkrzemien/Documents/GitHub/pupil_app/lib/src/providers/events_providers/event_water_provider.dart", "Dart", 0, 0, 0, 15, 0, 0, 0, 0, 0, 0, 0, 5, 20
"/Users/patrykkrzemien/Documents/GitHub/pupil_app/lib/src/providers/events_providers/event_weight_provider.dart", "Dart", 0, 0, 0, 20, 0, 0, 0, 0, 0, 0, 0, 6, 26
"/Users/patrykkrzemien/Documents/GitHub/pupil_app/lib/src/providers/others_providers/app_user_provider.dart", "Dart", 0, 0, 0, 22, 0, 0, 0, 0, 0, 0, 0, 4, 26
"/Users/patrykkrzemien/Documents/GitHub/pupil_app/lib/src/providers/others_providers/card_preferences_provider.dart", "Dart", 0, 0, 0, 41, 0, 0, 0, 0, 0, 0, 0, 9, 50
"/Users/patrykkrzemien/Documents/GitHub/pupil_app/lib/src/providers/others_providers/category_provider.dart", "Dart", 0, 0, 0, 4, 0, 0, 0, 0, 0, 0, 1, 2, 7
"/Users/patrykkrzemien/Documents/GitHub/pupil_app/lib/src/providers/others_providers/friend_provider.dart", "Dart", 0, 0, 0, 41, 0, 0, 0, 0, 0, 0, 0, 13, 54
"/Users/patrykkrzemien/Documents/GitHub/pupil_app/lib/src/providers/others_providers/friend_search_provider.dart", "Dart", 0, 0, 0, 55, 0, 0, 0, 0, 0, 0, 0, 11, 66
"/Users/patrykkrzemien/Documents/GitHub/pupil_app/lib/src/providers/others_providers/friends_notifier_provider.dart", "Dart", 0, 0, 0, 54, 0, 0, 0, 0, 0, 0, 0, 14, 68
"/Users/patrykkrzemien/Documents/GitHub/pupil_app/lib/src/providers/others_providers/home_preferences_notifier.dart", "Dart", 0, 0, 0, 70, 0, 0, 0, 0, 0, 0, 0, 11, 81
"/Users/patrykkrzemien/Documents/GitHub/pupil_app/lib/src/providers/others_providers/notification_provider.dart", "Dart", 0, 0, 0, 8, 0, 0, 0, 0, 0, 0, 0, 3, 11
"/Users/patrykkrzemien/Documents/GitHub/pupil_app/lib/src/providers/others_providers/pet_provider.dart", "Dart", 0, 0, 0, 13, 0, 0, 0, 0, 0, 0, 0, 4, 17
"/Users/patrykkrzemien/Documents/GitHub/pupil_app/lib/src/providers/others_providers/reminders_removal_provider.dart", "Dart", 0, 0, 0, 10, 0, 0, 0, 0, 0, 0, 0, 4, 14
"/Users/patrykkrzemien/Documents/GitHub/pupil_app/lib/src/providers/others_providers/settings_providers.dart", "Dart", 0, 0, 0, 99, 0, 0, 0, 0, 0, 0, 0, 17, 116
"/Users/patrykkrzemien/Documents/GitHub/pupil_app/lib/src/providers/others_providers/theme_provider.dart", "Dart", 0, 0, 0, 21, 0, 0, 0, 0, 0, 0, 0, 6, 27
"/Users/patrykkrzemien/Documents/GitHub/pupil_app/lib/src/providers/others_providers/user_achievement_provider.dart", "Dart", 0, 0, 0, 10, 0, 0, 0, 0, 0, 0, 0, 3, 13
"/Users/patrykkrzemien/Documents/GitHub/pupil_app/lib/src/providers/others_providers/user_avatar_provider.dart", "Dart", 0, 0, 0, 6, 0, 0, 0, 0, 0, 0, 0, 2, 8
"/Users/patrykkrzemien/Documents/GitHub/pupil_app/lib/src/providers/others_providers/user_provider.dart", "Dart", 0, 0, 0, 5, 0, 0, 0, 0, 0, 0, 0, 2, 7
"/Users/patrykkrzemien/Documents/GitHub/pupil_app/lib/src/providers/others_providers/walk_state_provider.dart", "Dart", 0, 0, 0, 208, 0, 0, 0, 0, 0, 0, 2, 26, 236
"/Users/patrykkrzemien/Documents/GitHub/pupil_app/lib/src/screens/events_screens/event_food_new_recipe_screen.dart", "Dart", 0, 0, 0, 465, 0, 0, 0, 0, 0, 0, 1, 30, 496
"/Users/patrykkrzemien/Documents/GitHub/pupil_app/lib/src/screens/events_screens/event_food_pet_setting_screen.dart", "Dart", 0, 0, 0, 353, 0, 0, 0, 0, 0, 0, 0, 10, 363
"/Users/patrykkrzemien/Documents/GitHub/pupil_app/lib/src/screens/events_screens/event_food_quick_add_meal_screen.dart", "Dart", 0, 0, 0, 491, 0, 0, 0, 0, 0, 0, 1, 24, 516
"/Users/patrykkrzemien/Documents/GitHub/pupil_app/lib/src/screens/events_screens/event_food_screen.dart", "Dart", 0, 0, 0, 599, 0, 0, 0, 0, 0, 0, 0, 22, 621
"/Users/patrykkrzemien/Documents/GitHub/pupil_app/lib/src/screens/friends_screens/friend_pet_detail_screen.dart", "Dart", 0, 0, 0, 106, 0, 0, 0, 0, 0, 0, 0, 7, 113
"/Users/patrykkrzemien/Documents/GitHub/pupil_app/lib/src/screens/friends_screens/friend_profile_screen.dart", "Dart", 0, 0, 0, 829, 0, 0, 0, 0, 0, 0, 3, 31, 863
"/Users/patrykkrzemien/Documents/GitHub/pupil_app/lib/src/screens/friends_screens/friend_statistic_screen.dart", "Dart", 0, 0, 0, 245, 0, 0, 0, 0, 0, 0, 0, 14, 259
"/Users/patrykkrzemien/Documents/GitHub/pupil_app/lib/src/screens/friends_screens/friends_screen.dart", "Dart", 0, 0, 0, 384, 0, 0, 0, 0, 0, 0, 0, 13, 397
"/Users/patrykkrzemien/Documents/GitHub/pupil_app/lib/src/screens/health_screens/health_activity_screen.dart", "Dart", 0, 0, 0, 247, 0, 0, 0, 0, 0, 0, 1, 7, 255
"/Users/patrykkrzemien/Documents/GitHub/pupil_app/lib/src/screens/health_screens/health_mood_screen.dart", "Dart", 0, 0, 0, 447, 0, 0, 0, 0, 0, 0, 6, 18, 471
"/Users/patrykkrzemien/Documents/GitHub/pupil_app/lib/src/screens/health_screens/health_preferences_screen.dart", "Dart", 0, 0, 0, 191, 0, 0, 0, 0, 0, 0, 2, 12, 205
"/Users/patrykkrzemien/Documents/GitHub/pupil_app/lib/src/screens/health_screens/health_screen.dart", "Dart", 0, 0, 0, 1175, 0, 0, 0, 0, 0, 0, 0, 35, 1210
"/Users/patrykkrzemien/Documents/GitHub/pupil_app/lib/src/screens/home_screens/home_screen.dart", "Dart", 0, 0, 0, 299, 0, 0, 0, 0, 0, 0, 1, 20, 320
"/Users/patrykkrzemien/Documents/GitHub/pupil_app/lib/src/screens/login_register_screens/login_screen.dart", "Dart", 0, 0, 0, 102, 0, 0, 0, 0, 0, 0, 0, 10, 112
"/Users/patrykkrzemien/Documents/GitHub/pupil_app/lib/src/screens/login_register_screens/register_screen.dart", "Dart", 0, 0, 0, 152, 0, 0, 0, 0, 0, 0, 0, 15, 167
"/Users/patrykkrzemien/Documents/GitHub/pupil_app/lib/src/screens/medicine_screens/medicine_add_edit_screen.dart", "Dart", 0, 0, 0, 416, 0, 0, 0, 0, 0, 0, 33, 47, 496
"/Users/patrykkrzemien/Documents/GitHub/pupil_app/lib/src/screens/medicine_screens/medicine_new_reminder_screen.dart", "Dart", 0, 0, 0, 394, 0, 0, 0, 0, 0, 0, 0, 15, 409
"/Users/patrykkrzemien/Documents/GitHub/pupil_app/lib/src/screens/medicine_screens/medicine_screen.dart", "Dart", 0, 0, 0, 433, 0, 0, 0, 0, 0, 0, 0, 26, 459
"/Users/patrykkrzemien/Documents/GitHub/pupil_app/lib/src/screens/other_screens/add_reminder_screen.dart", "Dart", 0, 0, 0, 539, 0, 0, 0, 0, 0, 0, 1, 30, 570
"/Users/patrykkrzemien/Documents/GitHub/pupil_app/lib/src/screens/other_screens/settings_screen.dart", "Dart", 0, 0, 0, 234, 0, 0, 0, 0, 0, 0, 2, 4, 240
"/Users/patrykkrzemien/Documents/GitHub/pupil_app/lib/src/screens/other_screens/vet_visit_screen.dart", "Dart", 0, 0, 0, 294, 0, 0, 0, 0, 0, 0, 1, 18, 313
"/Users/patrykkrzemien/Documents/GitHub/pupil_app/lib/src/screens/pet_details_screens/pet_details_screen.dart", "Dart", 0, 0, 0, 319, 0, 0, 0, 0, 0, 0, 0, 13, 332
"/Users/patrykkrzemien/Documents/GitHub/pupil_app/lib/src/screens/pet_details_screens/pet_edit_screen.dart", "Dart", 0, 0, 0, 501, 0, 0, 0, 0, 0, 0, 2, 24, 527
"/Users/patrykkrzemien/Documents/GitHub/pupil_app/lib/src/screens/walk_screens/walk_competition_screen.dart", "Dart", 0, 0, 0, 749, 0, 0, 0, 0, 0, 0, 0, 36, 785
"/Users/patrykkrzemien/Documents/GitHub/pupil_app/lib/src/screens/walk_screens/walk_in_progress_screen.dart", "Dart", 0, 0, 0, 722, 0, 0, 0, 0, 0, 0, 5, 26, 753
"/Users/patrykkrzemien/Documents/GitHub/pupil_app/lib/src/screens/walk_screens/walk_summary_screen.dart", "Dart", 0, 0, 0, 364, 0, 0, 0, 0, 0, 0, 1, 21, 386
"/Users/patrykkrzemien/Documents/GitHub/pupil_app/lib/src/services/events_services/event_care_service.dart", "Dart", 0, 0, 0, 44, 0, 0, 0, 0, 0, 0, 0, 8, 52
"/Users/patrykkrzemien/Documents/GitHub/pupil_app/lib/src/services/events_services/event_food_eaten_meal_service.dart", "Dart", 0, 0, 0, 46, 0, 0, 0, 0, 0, 0, 0, 7, 53
"/Users/patrykkrzemien/Documents/GitHub/pupil_app/lib/src/services/events_services/event_food_pet_setting_service.dart", "Dart", 0, 0, 0, 67, 0, 0, 0, 0, 0, 0, 0, 8, 75
"/Users/patrykkrzemien/Documents/GitHub/pupil_app/lib/src/services/events_services/event_food_product_service.dart", "Dart", 0, 0, 0, 141, 0, 0, 0, 0, 0, 0, 10, 21, 172
"/Users/patrykkrzemien/Documents/GitHub/pupil_app/lib/src/services/events_services/event_food_recipe_service.dart", "Dart", 0, 0, 0, 100, 0, 0, 0, 0, 0, 0, 0, 11, 111
"/Users/patrykkrzemien/Documents/GitHub/pupil_app/lib/src/services/events_services/event_medicine_service.dart", "Dart", 0, 0, 0, 69, 0, 0, 0, 0, 0, 0, 0, 13, 82
"/Users/patrykkrzemien/Documents/GitHub/pupil_app/lib/src/services/events_services/event_mood_service.dart", "Dart", 0, 0, 0, 44, 0, 0, 0, 0, 0, 0, 0, 9, 53
"/Users/patrykkrzemien/Documents/GitHub/pupil_app/lib/src/services/events_services/event_note_service.dart", "Dart", 0, 0, 0, 67, 0, 0, 0, 0, 0, 0, 0, 14, 81
"/Users/patrykkrzemien/Documents/GitHub/pupil_app/lib/src/services/events_services/event_psychic_servie.dart", "Dart", 0, 0, 0, 45, 0, 0, 0, 0, 0, 0, 0, 8, 53
"/Users/patrykkrzemien/Documents/GitHub/pupil_app/lib/src/services/events_services/event_reminder_service.dart", "Dart", 0, 0, 0, 97, 0, 0, 0, 0, 0, 0, 0, 18, 115
"/Users/patrykkrzemien/Documents/GitHub/pupil_app/lib/src/services/events_services/event_service_service.dart", "Dart", 0, 0, 0, 47, 0, 0, 0, 0, 0, 0, 0, 8, 55
"/Users/patrykkrzemien/Documents/GitHub/pupil_app/lib/src/services/events_services/event_stomach_service.dart", "Dart", 0, 0, 0, 45, 0, 0, 0, 0, 0, 0, 0, 8, 53
"/Users/patrykkrzemien/Documents/GitHub/pupil_app/lib/src/services/events_services/event_stool_service.dart", "Dart", 0, 0, 0, 45, 0, 0, 0, 0, 0, 0, 0, 8, 53
"/Users/patrykkrzemien/Documents/GitHub/pupil_app/lib/src/services/events_services/event_temperature_service.dart", "Dart", 0, 0, 0, 68, 0, 0, 0, 0, 0, 0, 0, 13, 81
"/Users/patrykkrzemien/Documents/GitHub/pupil_app/lib/src/services/events_services/event_urine_service.dart", "Dart", 0, 0, 0, 45, 0, 0, 0, 0, 0, 0, 0, 8, 53
"/Users/patrykkrzemien/Documents/GitHub/pupil_app/lib/src/services/events_services/event_vacine_service.dart", "Dart", 0, 0, 0, 45, 0, 0, 0, 0, 0, 0, 0, 8, 53
"/Users/patrykkrzemien/Documents/GitHub/pupil_app/lib/src/services/events_services/event_walk_service.dart", "Dart", 0, 0, 0, 131, 0, 0, 0, 0, 0, 0, 10, 26, 167
"/Users/patrykkrzemien/Documents/GitHub/pupil_app/lib/src/services/events_services/event_water_service.dart", "Dart", 0, 0, 0, 69, 0, 0, 0, 0, 0, 0, 0, 14, 83
"/Users/patrykkrzemien/Documents/GitHub/pupil_app/lib/src/services/events_services/event_weight_service.dart", "Dart", 0, 0, 0, 70, 0, 0, 0, 0, 0, 0, 0, 14, 84
"/Users/patrykkrzemien/Documents/GitHub/pupil_app/lib/src/services/events_services/events_service.dart", "Dart", 0, 0, 0, 66, 0, 0, 0, 0, 0, 0, 0, 13, 79
"/Users/patrykkrzemien/Documents/GitHub/pupil_app/lib/src/services/other_services/app_user_service.dart", "Dart", 0, 0, 0, 70, 0, 0, 0, 0, 0, 0, 0, 13, 83
"/Users/patrykkrzemien/Documents/GitHub/pupil_app/lib/src/services/other_services/friend_service.dart", "Dart", 0, 0, 0, 104, 0, 0, 0, 0, 0, 0, 0, 21, 125
"/Users/patrykkrzemien/Documents/GitHub/pupil_app/lib/src/services/other_services/local_notification_service.dart", "Dart", 0, 0, 0, 21, 0, 0, 0, 0, 0, 0, 0, 4, 25
"/Users/patrykkrzemien/Documents/GitHub/pupil_app/lib/src/services/other_services/local_user_service.dart", "Dart", 0, 0, 0, 63, 0, 0, 0, 0, 0, 0, 0, 13, 76
"/Users/patrykkrzemien/Documents/GitHub/pupil_app/lib/src/services/other_services/notification_services.dart", "Dart", 0, 0, 0, 200, 0, 0, 0, 0, 0, 0, 1, 15, 216
"/Users/patrykkrzemien/Documents/GitHub/pupil_app/lib/src/services/other_services/pet_services.dart", "Dart", 0, 0, 0, 81, 0, 0, 0, 0, 0, 0, 0, 17, 98
"/Users/patrykkrzemien/Documents/GitHub/pupil_app/lib/src/services/other_services/qr_code_services.dart", "Dart", 0, 0, 0, 27, 0, 0, 0, 0, 0, 0, 1, 2, 30
"/Users/patrykkrzemien/Documents/GitHub/pupil_app/lib/src/services/other_services/settings_service.dart", "Dart", 0, 0, 0, 33, 0, 0, 0, 0, 0, 0, 0, 4, 37
"/Users/patrykkrzemien/Documents/GitHub/pupil_app/lib/src/services/other_services/user_achievement_service.dart", "Dart", 0, 0, 0, 42, 0, 0, 0, 0, 0, 0, 0, 6, 48
"/Users/patrykkrzemien/Documents/GitHub/pupil_app/lib/src/services/other_services/vet_visit_service.dart", "Dart", 0, 0, 0, 50, 0, 0, 0, 0, 0, 0, 0, 9, 59
"/Users/patrykkrzemien/Documents/GitHub/pupil_app/lib/src/services/other_services/walk_service.dart", "Dart", 0, 0, 0, 66, 0, 0, 0, 0, 0, 0, 0, 14, 80
"/Users/patrykkrzemien/Documents/GitHub/pupil_app/lib/src/tests/unit/event_reminder_service_test.dart", "Dart", 0, 0, 0, 294, 0, 0, 0, 0, 0, 0, 1, 42, 337
"/Users/patrykkrzemien/Documents/GitHub/pupil_app/lib/src/theme/dark_mode.dart", "Dart", 0, 0, 0, 19, 0, 0, 0, 0, 0, 0, 0, 2, 21
"/Users/patrykkrzemien/Documents/GitHub/pupil_app/lib/src/theme/light_mode.dart", "Dart", 0, 0, 0, 19, 0, 0, 0, 0, 0, 0, 0, 2, 21
"/Users/patrykkrzemien/Documents/GitHub/pupil_app/linux/flutter/generated_plugin_registrant.cc", "C++", 0, 0, 0, 0, 0, 0, 0, 0, 15, 0, 4, 5, 24
"/Users/patrykkrzemien/Documents/GitHub/pupil_app/linux/flutter/generated_plugin_registrant.h", "C++", 0, 0, 0, 0, 0, 0, 0, 0, 5, 0, 5, 6, 16
"/Users/patrykkrzemien/Documents/GitHub/pupil_app/linux/main.cc", "C++", 0, 0, 0, 0, 0, 0, 0, 0, 5, 0, 0, 2, 7
"/Users/patrykkrzemien/Documents/GitHub/pupil_app/linux/my_application.cc", "C++", 0, 0, 0, 0, 0, 0, 0, 0, 74, 0, 11, 20, 105
"/Users/patrykkrzemien/Documents/GitHub/pupil_app/linux/my_application.h", "C++", 0, 0, 0, 0, 0, 0, 0, 0, 7, 0, 7, 5, 19
"/Users/patrykkrzemien/Documents/GitHub/pupil_app/macos/Flutter/GeneratedPluginRegistrant.swift", "Swift", 0, 0, 0, 0, 0, 0, 26, 0, 0, 0, 3, 4, 33
"/Users/patrykkrzemien/Documents/GitHub/pupil_app/macos/Runner/AppDelegate.swift", "Swift", 0, 0, 0, 0, 0, 0, 8, 0, 0, 0, 0, 2, 10
"/Users/patrykkrzemien/Documents/GitHub/pupil_app/macos/Runner/Assets.xcassets/AppIcon.appiconset/Contents.json", "JSON", 68, 0, 0, 0, 0, 0, 0, 0, 0, 0, 0, 1, 69
"/Users/patrykkrzemien/Documents/GitHub/pupil_app/macos/Runner/Base.lproj/MainMenu.xib", "XML", 0, 0, 0, 0, 0, 0, 0, 343, 0, 0, 0, 1, 344
"/Users/patrykkrzemien/Documents/GitHub/pupil_app/macos/Runner/MainFlutterWindow.swift", "Swift", 0, 0, 0, 0, 0, 0, 12, 0, 0, 0, 0, 4, 16
"/Users/patrykkrzemien/Documents/GitHub/pupil_app/macos/RunnerTests/RunnerTests.swift", "Swift", 0, 0, 0, 0, 0, 0, 7, 0, 0, 0, 2, 4, 13
"/Users/patrykkrzemien/Documents/GitHub/pupil_app/macos/firebase_app_id_file.json", "JSON", 7, 0, 0, 0, 0, 0, 0, 0, 0, 0, 0, 0, 7
"/Users/patrykkrzemien/Documents/GitHub/pupil_app/pubspec.yaml", "YAML", 0, 86, 0, 0, 0, 0, 0, 0, 0, 0, 0, 10, 96
"/Users/patrykkrzemien/Documents/GitHub/pupil_app/test/widget_test.dart", "Dart", 0, 0, 0, 14, 0, 0, 0, 0, 0, 0, 10, 7, 31
"/Users/patrykkrzemien/Documents/GitHub/pupil_app/web/index.html", "HTML", 0, 0, 0, 0, 0, 0, 0, 0, 0, 38, 16, 6, 60
"/Users/patrykkrzemien/Documents/GitHub/pupil_app/web/manifest.json", "JSON", 35, 0, 0, 0, 0, 0, 0, 0, 0, 0, 0, 1, 36
"/Users/patrykkrzemien/Documents/GitHub/pupil_app/windows/flutter/generated_plugin_registrant.cc", "C++", 0, 0, 0, 0, 0, 0, 0, 0, 27, 0, 4, 5, 36
"/Users/patrykkrzemien/Documents/GitHub/pupil_app/windows/flutter/generated_plugin_registrant.h", "C++", 0, 0, 0, 0, 0, 0, 0, 0, 5, 0, 5, 6, 16
"/Users/patrykkrzemien/Documents/GitHub/pupil_app/windows/runner/flutter_window.cpp", "C++", 0, 0, 0, 0, 0, 0, 0, 0, 49, 0, 7, 16, 72
"/Users/patrykkrzemien/Documents/GitHub/pupil_app/windows/runner/flutter_window.h", "C++", 0, 0, 0, 0, 0, 0, 0, 0, 20, 0, 5, 9, 34
"/Users/patrykkrzemien/Documents/GitHub/pupil_app/windows/runner/main.cpp", "C++", 0, 0, 0, 0, 0, 0, 0, 0, 30, 0, 4, 10, 44
"/Users/patrykkrzemien/Documents/GitHub/pupil_app/windows/runner/resource.h", "C++", 0, 0, 0, 0, 0, 0, 0, 0, 9, 0, 6, 2, 17
"/Users/patrykkrzemien/Documents/GitHub/pupil_app/windows/runner/utils.cpp", "C++", 0, 0, 0, 0, 0, 0, 0, 0, 54, 0, 2, 10, 66
"/Users/patrykkrzemien/Documents/GitHub/pupil_app/windows/runner/utils.h", "C++", 0, 0, 0, 0, 0, 0, 0, 0, 8, 0, 6, 6, 20
"/Users/patrykkrzemien/Documents/GitHub/pupil_app/windows/runner/win32_window.cpp", "C++", 0, 0, 0, 0, 0, 0, 0, 0, 210, 0, 24, 55, 289
"/Users/patrykkrzemien/Documents/GitHub/pupil_app/windows/runner/win32_window.h", "C++", 0, 0, 0, 0, 0, 0, 0, 0, 48, 0, 31, 24, 103
"Total", "-", 299, 95, 17, 33295, 8, 81, 76, 470, 567, 38, 430, 2508, 37884